participant,utterance,Ground Truth Matching? ,predicted matching
williamson10a,"and she has a, uh, a thing.",False,True
williamson10a,"Uh, uh, uh, so she walks up.",False,True
williamson05a,And tell me the story.,False,True
williamson05a,"They, uh, sorry, sorry, sorry.",False,True
williamson05a,"that they see the, the very, uh.",False,True
williamson05a,"The good ferry, I have to call it the good ferry, uh, gets you the, the, uh, the, we, the west, it was the, uh, Sweater, and , uh, then the other girls,.",False,True
williamson05a,"And , oh, then, then it comes in with the other, with the other ferry after, I mean, after that , the, the, uh, the other sweater.",False,True
williamson05a,"and they can't get in, they can't get in, so they're kicked out.",False,True
adler05a,This little boy grows up to his father.,False,True
adler05a,"Uh, he didn't have a mother.",False,True
adler05a,"The mother found this other boy who had boys temperatures, so there were 3 children in the house.",False,True
adler05a,"And the girls were Uh, treated to be seen in a house.",False,True
adler05a,and they're treated at him.,False,True
adler05a,"as being Um, They were treated as a a guild.",False,True
adler05a,"She was, she was like, um, She, they treated her as a meeting person.",False,True
adler05a,"but the girls weren't cheated,.",False,True
adler05a,"and then there was uh Um, a, a sieve.",False,True
adler05a,and He was given a place to go.,False,True
adler05a,"Only his, his, the family showed the present.",False,True
adler05a,"He was, his did not dress he was at all.",False,True
adler05a,"So, so he was left at home in the house.",False,True
adler05a,And the family.,False,True
adler05a,and the mother went out to the to the thing.,False,True
adler05a,"And uh the body, they have a They, they have a greeting up of uh this lady.",False,True
adler05a,"They didn't know no name of her,.",False,True
adler05a,"but she, she gives them a house, gives them a house, a house.",False,True
adler05a,"Um, with cartons were the horses were the.",False,True
adler05a,"And would get them to go,.",False,True
adler05a,"but he was told he had to be home by 11 o'clock, by 12 o'clock.",False,True
adler05a,"And um he, he gets a beautiful gown.",False,True
adler05a,"She's everything, beautiful.",True,False
adler05a,"And then He goes to the president and she, he, he, the chief.",False,True
adler05a,He looked beautiful.,False,True
adler05a,"that the crown, uh, was leaving.",False,True
adler05a,or maybe it was ran down.,True,False
adler05a,"or the other, they, he left a class sheet.",False,True
adler05a,She's leaving the gown.,False,True
adler05a,"And she, um, she lives, uh, uh, uh, uh, uh, she left one of her old blisters, her glass.",False,True
adler05a,She was leaving.,True,False
adler05a,Ah bless and they were special.,False,True
adler05a,"Uh, classroom.",False,True
adler05a,that they left.,False,True
adler05a,and he was going to.,False,True
adler05a,And he's very looking for whoever.,True,False
adler05a,"And to his aunt Tammy buddy,.",False,True
adler05a,and he tried all the three.,True,False
adler05a,"and he found her fit on his bath and girls of the world, everybody.",False,True
acwt04a,"With her two steps, I think,.",False,True
acwt04a,"I, I believe she gets her mother's stress, and , um, Uh, step sitters, basically.",False,True
acwt04a,Take it away from her and um.,False,True
acwt04a,"I don't remember their names,.",False,True
acwt04a,"and her, um, does her up and , um, Uh.",False,True
acwt04a,"but , um, he tries on, uh, tries to.",False,True
elman07a,"3 people, 2 people and 122 people and uh Entourage.",False,True
elman07a,"OK, and uh now here.",False,True
elman07a,"and all of a sudden realized, uh, say, yeah, now, uh, um.",False,True
elman07a,"Right Round the wheels, wheels, you know, wheels round.",False,True
elman07a,"but uh I don't know why,.",False,True
elman07a,"and say, OK, and uh Now, really good, really good, and not good, not good.",False,True
elman07a,"and say, well, Really good uh uh.",False,True
elman07a,Finger up.,False,True
elman07a,"And say, really nice, really, really, really good too, and not good,.",False,True
acwt12a,"Sandberg, he was a, uh, worked in a, in a, a, a help a family.",False,True
acwt12a,that had that he was a a servant of the uh the film and uh.,False,True
acwt12a,"and he, they, what he want everybody got want to go.",False,True
acwt12a,and get their clothes.,False,True
acwt12a,"and had they uh say um they he said he was uh Sandoranno wasn't able to go, so he was out out with the uh outside with the animals outside and she was he wasn't she wasn't happy at all and they uh very, very, very.",False,True
acwt12a,"Fay, no,.",False,True
acwt12a,"that 's right, furry flower man, a lady came and ,.",False,True
acwt12a,"and they, uh, everybody was going to be, uh, uh, naked to, uh.",False,True
acwt12a,"and , uh, she, she was told him, her them the, the.",False,True
acwt12a,He would tie tie the shoe on.,False,True
acwt12a,and he go they went away.,False,True
whiteside01a,"The woman there was the hired, who hired her hired her, and two girls were behind her.",False,True
whiteside01a,that went with her.,False,True
whiteside01a,"And she met that guy, the good looking young man.",False,True
whiteside01a,"that he liked,.",True,False
wozniak04a,What was in there?,False,True
wozniak04a,Cinderella was brought to this factory.,False,True
wozniak04a,"and , uh, She was put to one side.",False,True
wozniak04a,"She was supposed to be the Cinderella,.",False,True
wozniak04a,"and they all had a thing,.",False,True
wozniak04a,"and Then they come,.",False,True
wozniak04a,And found her.,True,False
williamson07a,One time.,False,True
williamson07a,"Everyone would come with a woman, with a woman,.",False,True
williamson07a,"and they would The The old, older man will Make A allow a man would Cover everything.",False,True
williamson07a,To his son.,False,True
williamson07a,"But When they took, took the, Everybody got, everyone got all set up.",False,True
williamson07a,"They were, the, the, They, they, when I say they, I mean the girls.",False,True
williamson07a,"She, they look upon her.",False,True
williamson07a,"as they go to the, go onto the Fair fairground, fair, fair.",False,True
williamson07a,Left And down all she down we.,False,True
williamson07a,"that day, she goes with the, Pets.",False,True
williamson07a,"And she says, especially these.",False,True
williamson07a,"2 Little boats for Her Or 111 on your, on the foot and the other on the other foot.",False,True
williamson07a,And she was taken to.,False,True
williamson07a,A window.,False,True
williamson07a,"And Went out to the, to the, up to the wall.",False,True
williamson07a,To the house.,False,True
williamson07a,"Ha Happily, she got in, you know, out of the window or out of the window.",False,True
williamson07a,Out of the.,False,True
williamson07a,Out of the.,False,True
williamson07a,Out of the.,False,True
williamson07a,Out of the.,False,True
williamson07a,Down she got down.,False,True
williamson07a,and she went up the stairs to.,False,True
williamson07a,The window to celebrate.,False,True
williamson07a,Overwhelmed by her.,True,False
williamson07a,It only works until 12 o'clock.,True,False
williamson07a,"And She almost, she.",False,True
williamson07a,She Help.,False,True
williamson07a,"But she falls, the false.",False,True
williamson07a,"Once, when the, The hospital, uh, uh, He goes, she goes.",False,True
williamson07a,"So Later, the, the sun, the son, he gets the, the.",False,True
williamson07a,"So He, the son.",False,True
williamson07a,"that it would have the one, the one who had the real.",False,True
williamson07a,"So, they go through all this, So so.",False,True
williamson07a,To call to.,False,True
williamson07a,And so he Goes to this last sort of house and he.,False,True
williamson07a,What she is She only puts.,False,True
williamson07a,On On sits down.,False,True
williamson07a,and he puts her on her pitcher.,False,True
williamson07a,and The That everything was very good.,False,True
williamson07a,"You get So, with a woman,.",False,True
adler06a,So She was uh The angel for Legwood.,False,True
adler06a,She was for Fendel for someone else.,False,True
adler06a,The other children.,False,True
adler06a,Children for her.,False,True
adler06a,Or 3 children or whatever with her.,False,True
adler06a,The pesos that were going for the party.,False,True
adler06a,And she was sending people for pretzels for the present.,False,True
adler06a,She had huddled.,False,True
adler06a,"The People were, they found her letter.",False,True
adler06a,And the peasants with the other people where they found her.,False,True
fridriksson11a,or maybe she sought refuge in the stables.,False,True
fridriksson11a,and get it.,True,False
wozniak06a,"Um, I came to, uh.",False,True
wozniak06a,"I can't remember now, um.",False,True
wozniak06a,"I can't remember now,.",False,True
wozniak06a,"and I can't tell from that what, where she is.",False,True
wozniak06a,"So , um, She went to the wall.",False,True
wozniak06a,"Uh, came and , um.",False,True
wozniak06a,I don't remember that was there or not.,False,True
wozniak06a,"I can't remember how she was forced to leave,.",False,True
wozniak06a,"but she was,.",True,False
wozniak06a,So very quickly.,True,False
wright203a,but all of a sudden she died.,False,True
wright203a,She's not gonna do anything like that.,False,True
wright203a,And it goes on time all the time.,False,True
wright203a,"The name I can't ever say, you know.",False,True
wright203a,"and send, give it to a person.",True,False
wright203a,and then nobody fixed it nobody.,False,True
wright203a,"and live what, you know.",False,True
Baycrest12331a,"and she had this, the, um, what is.",False,True
Baycrest12331a,"And so, uh, I'm trying to think of who, um, how.",False,True
244-1,and there they talk about the fact.,True,False
244-1,Would he please settle down?,True,False
244-1,cause really we need him to get married.,True,False
244-1,"if you get all your work done, you can go, knowing full well.",True,False
244-1,that would make it.,True,False
244-1,Anastasia.,True,False
244-1,And Anastasia.,True,False
244-1,Make her.,False,True
244-1,Salaadula Mgabula bibbity bodi boo.,True,False
244-1,Put them together?,True,False
244-1,and what have you got?,True,False
244-1,ibbity bo boo.,True,False
244-1,There's more.,False,True
244-1,while she's doing.,False,True
244-1,but the story wouldn't work without.,False,True
244-1,This is a long story.,False,True
46-1,So They should have made it.,False,True
46-1,So she's leaving.,True,False
46-1,and takes it.,False,True
276-1,"but it, uh, when he gets a second chance.",True,False
276-1,and get put out.,False,True
101-1,"Sadly, he dies.",True,False
101-1,So they send invitations out throughout the land.,True,False
101-1,"but she's, she has a lot of friends in the, um, animal world,.",True,False
101-1,before everything changes back.,True,False
101-1,"for some reason doesn't change back, even.",True,False
233-1,while the dollars were living in luxury.,True,False
233-1,and marry them.,True,False
04-01,and do all kinds of things like.,True,False
04-01,So he goes.,False,True
04-01,"and they, they try to pretend.",True,False
04-01,"but she does,.",False,True
36-1,"Uh, jealous and aggressive.",True,False
36-1,and mean.,True,False
36-1,"I will give you, grant you grant you some wishes,.",True,False
36-1,"and she does just that , so.",False,True
36-1,"Uh, is instantly attracted.",True,False
36-1,as they're leaving.,False,True
92-1,All right.,True,False
92-1,Beautiful gala and um.,True,False
92-1,"and with the this part, the, the, the pictures kind of went through,.",False,True
92-1,That was a couple minutes to 12.,True,False
92-1,"but she, he insisted,.",False,True
92-1,Happily ever after.,True,False
98-1,It was a bad relationship from the beginning.,True,False
98-1,that she would even think.,False,True
98-1,about going.,False,True
98-1,The only rule is.,True,False
98-1,"that He said, they say he will go around to all the women in the In the land,.",True,False
98-1,and he will try on.,True,False
