batch_id,cum_mean_dist,cum_std_dist,cum_cutoff
1,0.5026029944419861,0.23806089162826538,0.7406638860702515
2,0.5489373207092285,0.21627309918403625,0.7652104198932648
3,0.5995699763298035,0.21933026611804962,0.8189002424478531
4,0.5988373160362244,0.20190559327602386,0.8007429093122482
5,0.5862210988998413,0.19647294282913208,0.7826940417289734
6,0.6079409122467041,0.19705165922641754,0.8049925714731216
7,0.6209227442741394,0.1899254024028778,0.8108481466770172
8,0.6335769891738892,0.1905728280544281,0.8241498172283173
9,0.6276030540466309,0.18480807542800903,0.8124111294746399
10,0.623799741268158,0.17965196073055267,0.8034517019987106
11,0.6322776079177856,0.18033874034881592,0.8126163482666016
12,0.6513761281967163,0.1848079115152359,0.8361840397119522
13,0.6660731434822083,0.1860925704240799,0.8521657139062881
14,0.6641107201576233,0.1845671385526657,0.848677858710289
15,0.667096734046936,0.1845242977142334,0.8516210317611694
16,0.6549318432807922,0.19150543212890625,0.8464372754096985
17,0.6480793356895447,0.19279401004314423,0.8408733457326889
18,0.6455798745155334,0.1920345276594162,0.8376144021749496
19,0.6464570164680481,0.18893365561962128,0.8353906720876694
20,0.6449521780014038,0.18568755686283112,0.8306397348642349
21,0.6466919779777527,0.18532942235469818,0.8320214003324509
22,0.6468756794929504,0.1843786984682083,0.8312543779611588
23,0.648132860660553,0.18451741337776184,0.8326502740383148
24,0.6481532454490662,0.18354833126068115,0.8317015767097473
25,0.6524854898452759,0.18347573280334473,0.8359612226486206
26,0.658174991607666,0.18351876735687256,0.8416937589645386
27,0.6642128825187683,0.18345797061920166,0.84767085313797
28,0.6678817868232727,0.18248075246810913,0.8503625392913818
29,0.6660628914833069,0.1813589185476303,0.8474218100309372
30,0.6652653217315674,0.17986862361431122,0.8451339453458786
31,0.662647545337677,0.1803320199251175,0.8429795652627945
32,0.6583042144775391,0.1823023408651352,0.8406065553426743
33,0.6544583439826965,0.18334561586380005,0.8378039598464966
34,0.6519399881362915,0.18516460061073303,0.8371045887470245
35,0.6492170691490173,0.18783296644687653,0.8370500355958939
36,0.646754801273346,0.18804676830768585,0.8348015695810318
37,0.6440176367759705,0.18958528339862823,0.8336029201745987
38,0.6428317427635193,0.1890867054462433,0.8319184482097626
39,0.6405890583992004,0.18835347890853882,0.8289425373077393
40,0.6388309597969055,0.18774059414863586,0.8265715539455414
41,0.6387789845466614,0.18702439963817596,0.8258033841848373
42,0.6403012275695801,0.18820595741271973,0.8285071849822998
43,0.6437897682189941,0.18818339705467224,0.8319731652736664
44,0.6467302441596985,0.18850234150886536,0.8352325856685638
45,0.6481413245201111,0.18855902552604675,0.8367003500461578
46,0.6474586129188538,0.18775074183940887,0.8352093547582626
47,0.6480282545089722,0.18660345673561096,0.8346317112445831
48,0.6482951045036316,0.18593695759773254,0.8342320621013641
49,0.6477713584899902,0.1850595921278,0.8328309506177902
50,0.6458228826522827,0.1851235330104828,0.8309464156627655
51,0.644609272480011,0.18486900627613068,0.8294782787561417
52,0.6450413465499878,0.18411627411842346,0.8291576206684113
53,0.644388735294342,0.18447323143482208,0.8288619667291641
54,0.6419991850852966,0.18541857600212097,0.8274177610874176
55,0.6403995752334595,0.18577873706817627,0.8261783123016357
56,0.6438369750976562,0.18609794974327087,0.8299349248409271
57,0.646939754486084,0.18618983030319214,0.8331295847892761
58,0.646663248538971,0.18684306740760803,0.833506315946579
59,0.6462226510047913,0.18643006682395935,0.8326527178287506
60,0.6457340717315674,0.18564508855342865,0.831379160284996
61,0.6461517810821533,0.1855061948299408,0.8316579759120941
62,0.6448091864585876,0.18522131443023682,0.8300305008888245
63,0.6440100073814392,0.18513715267181396,0.8291471600532532
64,0.6437365412712097,0.1846742480993271,0.8284107893705368
65,0.6426630020141602,0.1841852068901062,0.8268482089042664
66,0.6422297358512878,0.1847018003463745,0.8269315361976624
67,0.6421142220497131,0.18481890857219696,0.8269331306219101
68,0.6414538025856018,0.18405261635780334,0.8255064189434052
69,0.6411524415016174,0.1834324300289154,0.8245848715305328
70,0.6407846808433533,0.1832571029663086,0.8240417838096619
71,0.6404629349708557,0.18335404992103577,0.8238169848918915
72,0.6409184336662292,0.18339674174785614,0.8243151754140854
73,0.6411452293395996,0.18321166932582855,0.8243568986654282
74,0.6406630873680115,0.183492511510849,0.8241555988788605
75,0.6397590041160583,0.18386399745941162,0.82362300157547
76,0.6399087905883789,0.1833888441324234,0.8232976347208023
77,0.6387456059455872,0.18340964615345,0.8221552520990372
78,0.6379543542861938,0.18330611288547516,0.821260467171669
79,0.6372072100639343,0.1837662309408188,0.8209734410047531
80,0.6367252469062805,0.18399620056152344,0.820721447467804
81,0.6368117928504944,0.18416672945022583,0.8209785223007202
82,0.6376689672470093,0.18393470346927643,0.8216036707162857
83,0.6387670040130615,0.18412955105304718,0.8228965550661087
84,0.6400726437568665,0.18392357230186462,0.8239962160587311
85,0.6418744921684265,0.18424879014492035,0.8261232823133469
86,0.6407129764556885,0.18563301861286163,0.8263459950685501
87,0.6404345035552979,0.18526066839694977,0.8256951719522476
88,0.6402218341827393,0.1850707083940506,0.8252925425767899
89,0.638663113117218,0.18577779829502106,0.8244409114122391
90,0.6380829811096191,0.18540237843990326,0.8234853595495224
91,0.6381025910377502,0.1851518601179123,0.8232544511556625
92,0.6391472816467285,0.1853189766407013,0.8244662582874298
93,0.638892650604248,0.1852014809846878,0.8240941315889359
94,0.6382868885993958,0.1851886361837387,0.8234755247831345
95,0.637225866317749,0.1851401925086975,0.8223660588264465
96,0.6366330981254578,0.1848769336938858,0.8215100318193436
97,0.6375846266746521,0.18491610884666443,0.8225007355213165
98,0.6385883688926697,0.18479220569133759,0.8233805745840073
99,0.6397453546524048,0.18451455235481262,0.8242599070072174
100,0.6408301591873169,0.18408070504665375,0.8249108642339706
101,0.6403615474700928,0.18379835784435272,0.8241599053144455
102,0.639584481716156,0.1838870644569397,0.8234715461730957
103,0.6406187415122986,0.18413636088371277,0.8247551023960114
104,0.6423119306564331,0.18427732586860657,0.8265892565250397
105,0.6434205174446106,0.1839815378189087,0.8274020552635193
106,0.6449069380760193,0.18393352627754211,0.8288404643535614
107,0.6461753249168396,0.18375560641288757,0.8299309313297272
108,0.6469962000846863,0.1840401291847229,0.8310363292694092
109,0.647123396396637,0.18414394557476044,0.8312673419713974
110,0.6477043628692627,0.18445716798305511,0.8321615308523178
111,0.6475887894630432,0.1842169314622879,0.8318057209253311
112,0.646943986415863,0.18392542004585266,0.8308694064617157
113,0.6476278901100159,0.18388566374778748,0.8315135538578033
114,0.6470491886138916,0.1838269978761673,0.8308761864900589
115,0.64616459608078,0.1839868426322937,0.8301514387130737
116,0.645263135433197,0.18410970270633698,0.829372838139534
117,0.6445543766021729,0.18437446653842926,0.8289288431406021
118,0.6444005370140076,0.18394871056079865,0.8283492475748062
119,0.6450533866882324,0.1837800145149231,0.8288334012031555
120,0.6443851590156555,0.18408659100532532,0.8284717500209808
121,0.6437878608703613,0.18429434299468994,0.8280822038650513
122,0.6431109309196472,0.18419061601161957,0.8273015469312668
123,0.6424850225448608,0.1842060536146164,0.8266910761594772
124,0.6423296332359314,0.18392795324325562,0.826257586479187
125,0.6424551010131836,0.18360142409801483,0.8260565251111984
126,0.6420868635177612,0.18385735154151917,0.8259442150592804
127,0.641692578792572,0.18399973213672638,0.8256923109292984
128,0.6416061520576477,0.18387772142887115,0.8254838734865189
129,0.6418952345848083,0.18407177925109863,0.825967013835907
130,0.6419088840484619,0.18433308601379395,0.8262419700622559
131,0.6423807144165039,0.18425555527210236,0.8266362696886063
132,0.6432726979255676,0.1843573898077011,0.8276300877332687
133,0.6432299017906189,0.1844082921743393,0.8276381939649582
134,0.6443118453025818,0.18466362357139587,0.8289754688739777
135,0.645630419254303,0.18480020761489868,0.8304306268692017
136,0.6466608643531799,0.1847400963306427,0.8314009606838226
137,0.6480194926261902,0.1849433332681656,0.8329628258943558
138,0.6474660038948059,0.18503358960151672,0.8324995934963226
139,0.6461829543113708,0.18587198853492737,0.8320549428462982
140,0.6454396843910217,0.18576398491859436,0.8312036693096161
141,0.6448682546615601,0.18582035601139069,0.8306886106729507
142,0.6441506147384644,0.18584153056144714,0.8299921452999115
143,0.6435114741325378,0.18596993386745453,0.8294814079999924
144,0.6441200971603394,0.18620537221431732,0.8303254693746567
145,0.6453128457069397,0.18650197982788086,0.8318148255348206
146,0.6449660062789917,0.18645325303077698,0.8314192593097687
147,0.6449856758117676,0.18624486029148102,0.8312305361032486
148,0.6449869275093079,0.18606048822402954,0.8310474157333374
149,0.6457676291465759,0.18590973317623138,0.8316773623228073
150,0.6463919878005981,0.18564078211784363,0.8320327699184418
151,0.6467839479446411,0.1852680891752243,0.8320520371198654
152,0.6471201181411743,0.1851990967988968,0.8323192149400711
153,0.6472638845443726,0.1849743127822876,0.8322381973266602
154,0.6473345160484314,0.18472054600715637,0.8320550620555878
155,0.647235095500946,0.1849590539932251,0.8321941494941711
156,0.64718097448349,0.1852218359708786,0.8324028104543686
157,0.6475017666816711,0.1851096749305725,0.8326114416122437
158,0.647334098815918,0.18482160568237305,0.832155704498291
159,0.6480984687805176,0.18475604057312012,0.8328545093536377
160,0.6479591131210327,0.18477943539619446,0.8327385485172272
161,0.6473729610443115,0.1845703274011612,0.8319432884454727
162,0.6473742723464966,0.18458572030067444,0.831959992647171
163,0.6465206146240234,0.18502463400363922,0.8315452486276627
164,0.6462944149971008,0.1853855699300766,0.8316799849271774
165,0.6457819938659668,0.18537446856498718,0.831156462430954
166,0.6451704502105713,0.1856852024793625,0.8308556526899338
167,0.6449140310287476,0.1855156272649765,0.8304296582937241
168,0.6450944542884827,0.18526659905910492,0.8303610533475876
169,0.6445729732513428,0.18524982035160065,0.8298227936029434
170,0.6445127725601196,0.185058131814003,0.8295709043741226
171,0.6440536975860596,0.18534432351589203,0.8293980211019516
172,0.6443020105361938,0.18518108129501343,0.8294830918312073
173,0.6439585089683533,0.18512187898159027,0.8290803879499435
174,0.6441265940666199,0.18514342606067657,0.8292700201272964
175,0.6440451145172119,0.1848476380109787,0.8288927525281906
176,0.6442345976829529,0.18467630445957184,0.8289109021425247
177,0.644708514213562,0.18439671397209167,0.8291052281856537
178,0.6453131437301636,0.1842200607061386,0.8295332044363022
179,0.6449587941169739,0.18399256467819214,0.828951358795166
180,0.644278883934021,0.18404242396354675,0.8283213078975677
181,0.643869936466217,0.1840200424194336,0.8278899788856506
182,0.6441859602928162,0.18400979042053223,0.8281957507133484
183,0.64384526014328,0.18367038667201996,0.8275156468153
184,0.6438594460487366,0.18382695317268372,0.8276863992214203
185,0.644527018070221,0.18386560678482056,0.8283926248550415
186,0.645135223865509,0.1838449239730835,0.8289801478385925
187,0.6462764143943787,0.18410256505012512,0.8303789794445038
188,0.6461238861083984,0.18431828916072845,0.8304421752691269
189,0.6456224918365479,0.18441958725452423,0.8300420790910721
190,0.6453748345375061,0.18466246128082275,0.8300372958183289
191,0.6453162431716919,0.18472892045974731,0.8300451636314392
192,0.6453109979629517,0.18475529551506042,0.8300662934780121
193,0.6452170014381409,0.1846264749765396,0.8298434764146805
194,0.6452953815460205,0.18445637822151184,0.8297517597675323
195,0.6451592445373535,0.18433339893817902,0.8294926434755325
196,0.64485764503479,0.1843356192111969,0.8291932642459869
197,0.6445001363754272,0.18445131182670593,0.8289514482021332
198,0.6442602276802063,0.18454106152057648,0.8288012892007828
199,0.6442325115203857,0.18467190861701965,0.8289044201374054
200,0.6438530087471008,0.18463881313800812,0.828491821885109
201,0.6436540484428406,0.18453121185302734,0.8281852602958679
202,0.6434181332588196,0.1844264715909958,0.8278446048498154
203,0.6431078314781189,0.1843678206205368,0.8274756520986557
204,0.6430737376213074,0.183989018201828,0.8270627558231354
205,0.6432507038116455,0.18394964933395386,0.8272003531455994
206,0.643182635307312,0.18392953276634216,0.8271121680736542
207,0.6430287957191467,0.1839405745267868,0.8269693702459335
208,0.6424887776374817,0.18394413590431213,0.8264329135417938
209,0.6421117782592773,0.18410196900367737,0.8262137472629547
210,0.6419998407363892,0.1842431277036667,0.8262429684400558
211,0.6416524648666382,0.1841685175895691,0.8258209824562073
212,0.6416565775871277,0.18409588932991028,0.825752466917038
213,0.6412968039512634,0.18414798378944397,0.8254447877407074
214,0.6408231854438782,0.1843588501214981,0.8251820355653763
215,0.6402943134307861,0.18446244299411774,0.8247567564249039
216,0.6398952007293701,0.1846884787082672,0.8245836794376373
217,0.6394970417022705,0.18500979244709015,0.8245068341493607
218,0.6390710473060608,0.18507219851016998,0.8241432458162308
219,0.6383283138275146,0.18552561104297638,0.823853924870491
220,0.6376683712005615,0.18597690761089325,0.8236452788114548
221,0.6373551487922668,0.1859169602394104,0.8232721090316772
222,0.6373701691627502,0.18572919070720673,0.823099359869957
223,0.6374116539955139,0.18556344509124756,0.8229750990867615
224,0.6376775503158569,0.18554437160491943,0.8232219219207764
225,0.6378868818283081,0.1853802502155304,0.8232671320438385
226,0.6380565762519836,0.1852206140756607,0.8232771903276443
227,0.6377891898155212,0.18533767759799957,0.8231268674135208
228,0.6377013921737671,0.18517084419727325,0.8228722363710403
229,0.6374348402023315,0.18504977226257324,0.8224846124649048
230,0.6373102068901062,0.1848168522119522,0.8221270591020584
231,0.6370885372161865,0.18489055335521698,0.8219790905714035
232,0.6369609236717224,0.1848570555448532,0.8218179792165756
233,0.637066125869751,0.18470388650894165,0.8217700123786926
234,0.6370236277580261,0.18441951274871826,0.8214431405067444
235,0.6369006037712097,0.18431256711483002,0.8212131708860397
236,0.6367656588554382,0.18422843515872955,0.8209940940141678
237,0.6365931034088135,0.18421779572963715,0.8208108991384506
238,0.6362285017967224,0.184250146150589,0.8204786479473114
239,0.6359202265739441,0.18430405855178833,0.8202242851257324
240,0.6354565620422363,0.18453779816627502,0.8199943602085114
241,0.6353286504745483,0.18440674245357513,0.8197353929281235
242,0.6348893642425537,0.18452008068561554,0.8194094449281693
243,0.6348649859428406,0.18440167605876923,0.8192666620016098
244,0.6347072720527649,0.1841505467891693,0.8188578188419342
245,0.6346510052680969,0.1842430830001831,0.81889408826828
246,0.6346143484115601,0.18429341912269592,0.818907767534256
247,0.6342512369155884,0.18440227210521698,0.8186535090208054
248,0.6341628432273865,0.18450313806533813,0.8186659812927246
249,0.6341195106506348,0.18444004654884338,0.8185595571994781
250,0.633875846862793,0.18456359207630157,0.8184394389390945
251,0.6336546540260315,0.18475177884101868,0.8184064328670502
252,0.6331226229667664,0.18514780700206757,0.8182704299688339
253,0.6333960890769958,0.18496926128864288,0.8183653503656387
254,0.6335323452949524,0.18483886122703552,0.8183712065219879
255,0.6337511539459229,0.18503303825855255,0.8187841922044754
256,0.6338878273963928,0.18495751917362213,0.818845346570015
257,0.634035050868988,0.18497832119464874,0.8190133720636368
258,0.6342928409576416,0.18488557636737823,0.8191784173250198
259,0.6340988278388977,0.18470579385757446,0.8188046216964722
260,0.634022057056427,0.18475884199142456,0.8187808990478516
261,0.6338430047035217,0.18479721248149872,0.8186402171850204
262,0.6336548924446106,0.18478253483772278,0.8184374272823334
263,0.6331862211227417,0.1848250776529312,0.8180112987756729
264,0.6327961087226868,0.18494738638401031,0.8177434951066971
265,0.6327187418937683,0.1847965568304062,0.8175152987241745
266,0.6326755881309509,0.18461069464683533,0.8172862827777863
267,0.6327996850013733,0.18454349040985107,0.8173431754112244
268,0.6329662799835205,0.18448764085769653,0.817453920841217
269,0.6329271197319031,0.1844482123851776,0.8173753321170807
270,0.6329323053359985,0.18441243469715118,0.8173447400331497
271,0.6327854990959167,0.18452319502830505,0.8173086941242218
272,0.6326505541801453,0.18451805412769318,0.8171686083078384
273,0.6325616240501404,0.18439771234989166,0.816959336400032
274,0.6325457096099854,0.18430010974407196,0.8168458193540573
275,0.6323890089988708,0.18421010673046112,0.816599115729332
276,0.6326354742050171,0.18408767879009247,0.8167231529951096
277,0.6326727867126465,0.1839515119791031,0.8166242986917496
278,0.6328604817390442,0.18377479910850525,0.8166352808475494
279,0.6330302357673645,0.18368840217590332,0.8167186379432678
280,0.6331655383110046,0.18375398218631744,0.8169195204973221
281,0.6327929496765137,0.1838938444852829,0.8166867941617966
282,0.6324008107185364,0.1839338093996048,0.8163346201181412
283,0.6322680711746216,0.18403127789497375,0.8162993490695953
284,0.6321336030960083,0.1840057075023651,0.8161393105983734
285,0.6320597529411316,0.1839100420475006,0.8159697949886322
286,0.6318578124046326,0.1839289665222168,0.8157867789268494
287,0.6317859292030334,0.18385447561740875,0.8156404048204422
288,0.631745457649231,0.1838502287864685,0.8155956864356995
289,0.6316918730735779,0.18389783799648285,0.8155897110700607
290,0.6316131353378296,0.18382497131824493,0.8154381066560745
291,0.6315858960151672,0.18385791778564453,0.8154438138008118
292,0.6313271522521973,0.1839676797389984,0.8152948319911957
293,0.6310132145881653,0.18397648632526398,0.8149897009134293
294,0.6311468482017517,0.18387405574321747,0.8150209039449692
295,0.6312669515609741,0.1838655322790146,0.8151324838399887
296,0.6310069561004639,0.18386614322662354,0.8148730993270874
297,0.6306453347206116,0.18392051756381989,0.8145658522844315
298,0.6303322315216064,0.18397276103496552,0.814304992556572
299,0.6301628947257996,0.18396338820457458,0.8141262829303741
300,0.6300581693649292,0.18387471139431,0.8139328807592392
301,0.629907488822937,0.18391747772693634,0.8138249665498734
302,0.6296346783638,0.18394696712493896,0.813581645488739
303,0.6294573545455933,0.18386563658714294,0.8133229911327362
304,0.6294687986373901,0.18371866643428802,0.8131874650716782
305,0.6293468475341797,0.18370187282562256,0.8130487203598022
306,0.6292755007743835,0.18358132243156433,0.8128568232059479
307,0.6290773153305054,0.18368810415267944,0.8127654194831848
308,0.6289167404174805,0.18364720046520233,0.8125639408826828
309,0.6287168860435486,0.1836528480052948,0.8123697340488434
310,0.6286680102348328,0.1834927648305893,0.8121607750654221
311,0.628493070602417,0.18358184397220612,0.8120749145746231
312,0.6284121870994568,0.1835276484489441,0.8119398355484009
313,0.6284535527229309,0.18354250490665436,0.8119960576295853
314,0.6284143328666687,0.1834724098443985,0.8118867427110672
315,0.6280643939971924,0.1836904138326645,0.8117548078298569
316,0.6278855204582214,0.18358804285526276,0.8114735633134842
317,0.6275853514671326,0.18364398181438446,0.811229333281517
318,0.6272133588790894,0.183791384100914,0.8110047429800034
319,0.6271197199821472,0.18377427756786346,0.8108939975500107
320,0.6268669366836548,0.18379074335098267,0.8106576800346375
321,0.6268920302391052,0.18355944752693176,0.810451477766037
322,0.6269097924232483,0.18353252112865448,0.8104423135519028
323,0.62700355052948,0.18353727459907532,0.8105408251285553
324,0.6269863843917847,0.18349114060401917,0.8104775249958038
325,0.6271020770072937,0.18338383734226227,0.810485914349556
326,0.627488911151886,0.1833738386631012,0.8108627498149872
327,0.627383828163147,0.18345171213150024,0.8108355402946472
328,0.6277037262916565,0.18344339728355408,0.8111471235752106
329,0.6276968121528625,0.18335527181625366,0.8110520839691162
330,0.6278775930404663,0.18325740098953247,0.8111349940299988
331,0.627637505531311,0.18349868059158325,0.8111361861228943
332,0.6276637315750122,0.18345683813095093,0.8111205697059631
333,0.6276971101760864,0.18352074921131134,0.8112178593873978
334,0.6276341676712036,0.18357305228710175,0.8112072199583054
335,0.6277024745941162,0.1835280954837799,0.8112305700778961
336,0.6273831129074097,0.18357810378074646,0.8109612166881561
337,0.6270678043365479,0.18366499245166779,0.8107327967882156
338,0.6268524527549744,0.18375888466835022,0.8106113374233246
339,0.6267982125282288,0.18367330729961395,0.8104715198278427
340,0.626602053642273,0.18372036516666412,0.8103224188089371
341,0.6267058253288269,0.18369735777378082,0.8104031831026077
342,0.6263817548751831,0.18380121886730194,0.810182973742485
343,0.6262800693511963,0.18376176059246063,0.8100418299436569
344,0.6262267827987671,0.18357205390930176,0.8097988367080688
345,0.6260406970977783,0.18363060057163239,0.8096712976694107
346,0.6258232593536377,0.18355628848075867,0.8093795478343964
347,0.6257277131080627,0.1835448294878006,0.8092725425958633
348,0.6255813241004944,0.18356674909591675,0.8091480731964111
349,0.6254842281341553,0.1834416389465332,0.8089258670806885
350,0.6256888508796692,0.1832762062549591,0.8089650571346283
351,0.6255686283111572,0.18334904313087463,0.8089176714420319
352,0.6256071329116821,0.1833193004131317,0.8089264333248138
353,0.6257231831550598,0.1833583414554596,0.8090815246105194
354,0.625590443611145,0.18330422043800354,0.8088946640491486
355,0.6253721714019775,0.18328958749771118,0.8086617588996887
356,0.6252323985099792,0.18331259489059448,0.8085449934005737
357,0.6252673864364624,0.18325957655906677,0.8085269629955292
358,0.6251881718635559,0.18348148465156555,0.8086696565151215
359,0.62508624792099,0.18351678550243378,0.8086030334234238
360,0.624933660030365,0.18352577090263367,0.8084594309329987
361,0.624894917011261,0.18347714841365814,0.8083720654249191
362,0.624919056892395,0.18349935114383698,0.808418408036232
363,0.6248182058334351,0.18350881338119507,0.8083270192146301
364,0.624609649181366,0.18372385203838348,0.8083335012197495
365,0.624478816986084,0.18376527726650238,0.8082440942525864
366,0.6243796348571777,0.1838783174753189,0.8082579523324966
367,0.6242480278015137,0.18404227495193481,0.8082903027534485
368,0.6243199110031128,0.18397720158100128,0.8082971125841141
369,0.6240087747573853,0.1840149611234665,0.8080237358808517
370,0.6239262223243713,0.18399915099143982,0.8079253733158112
371,0.6238830089569092,0.18394823372364044,0.8078312426805496
372,0.6240122318267822,0.18384748697280884,0.8078597187995911
373,0.6242129802703857,0.183773010969162,0.8079859912395477
374,0.6242810487747192,0.1837129294872284,0.8079939782619476
375,0.6243361234664917,0.18371279537677765,0.8080489188432693
376,0.624272346496582,0.1837933510541916,0.8080656975507736
377,0.6240063309669495,0.18382014334201813,0.8078264743089676
378,0.623769223690033,0.1838304102420807,0.8075996339321136
379,0.6237074136734009,0.18376804888248444,0.8074754625558853
380,0.623703122138977,0.18374313414096832,0.8074462562799454
381,0.6235249042510986,0.18389517068862915,0.8074200749397278
382,0.6232196688652039,0.18392913043498993,0.8071487993001938
383,0.6231554746627808,0.18387986719608307,0.8070353418588638
384,0.6232832074165344,0.1837853044271469,0.8070685118436813
385,0.6234131455421448,0.1837029606103897,0.8071161061525345
386,0.6231977343559265,0.18381576240062714,0.8070134967565536
387,0.623062252998352,0.18383564054965973,0.8068978935480118
388,0.6230630874633789,0.18372689187526703,0.8067899793386459
389,0.6229565739631653,0.18379223346710205,0.8067488074302673
390,0.6229525804519653,0.18375593423843384,0.8067085146903992
391,0.6229043006896973,0.18377429246902466,0.8066785931587219
392,0.6229846477508545,0.18375609815120697,0.8067407459020615
393,0.6232499480247498,0.1836540400981903,0.8069039881229401
394,0.6232074499130249,0.1836438924074173,0.8068513423204422
395,0.6235839128494263,0.18374232947826385,0.8073262423276901
396,0.6240704655647278,0.18385303020477295,0.8079234957695007
397,0.6243871450424194,0.1839154064655304,0.8083025515079498
398,0.6244586706161499,0.1838299036026001,0.80828857421875
399,0.6247130632400513,0.18382461369037628,0.8085376769304276
400,0.625022292137146,0.18392425775527954,0.8089465498924255
401,0.6251401305198669,0.18404065072536469,0.8091807812452316
402,0.6251599192619324,0.18404284119606018,0.8092027604579926
403,0.6250807642936707,0.18397226929664612,0.8090530335903168
404,0.6247991323471069,0.18396933376789093,0.8087684661149979
405,0.6245526671409607,0.1840042620897293,0.80855692923069
406,0.6245662569999695,0.1840299665927887,0.8085962235927582
407,0.6245198249816895,0.18397794663906097,0.8084977716207504
408,0.6245457530021667,0.18397541344165802,0.8085211664438248
409,0.6244092583656311,0.18400493264198303,0.8084141910076141
410,0.6244481205940247,0.1839563548564911,0.8084044754505157
411,0.6245600581169128,0.18383918702602386,0.8083992451429367
412,0.6245638132095337,0.1837964653968811,0.8083602786064148
413,0.6245613098144531,0.18384498357772827,0.8084062933921814
414,0.624657392501831,0.1837950348854065,0.8084524273872375
415,0.6246644258499146,0.1838105171918869,0.8084749430418015
416,0.6245031356811523,0.18378624320030212,0.8082893788814545
417,0.6245208382606506,0.1837892085313797,0.8083100467920303
418,0.6243773698806763,0.18363559246063232,0.8080129623413086
419,0.6241927742958069,0.18359443545341492,0.8077872097492218
420,0.6242052912712097,0.183475524187088,0.8076808154582977
421,0.6241192817687988,0.18346478044986725,0.8075840622186661
422,0.6239356994628906,0.1835227906703949,0.8074584901332855
423,0.6239054799079895,0.1834462732076645,0.807351753115654
424,0.6239487528800964,0.18337073922157288,0.8073194921016693
425,0.6239621043205261,0.18328243494033813,0.8072445392608643
426,0.6238914132118225,0.18325376510620117,0.8071451783180237
427,0.623812735080719,0.18322403728961945,0.8070367723703384
428,0.6237447261810303,0.18312479555606842,0.8068695217370987
429,0.6237461566925049,0.18298442661762238,0.8067305833101273
430,0.6238077878952026,0.18285953998565674,0.8066673278808594
431,0.6238195896148682,0.18283292651176453,0.8066525161266327
432,0.6238743662834167,0.1827073097229004,0.8065816760063171
433,0.6238883137702942,0.18263301253318787,0.8065213263034821
434,0.6239178776741028,0.1825355887413025,0.8064534664154053
435,0.6240156888961792,0.18248890340328217,0.8065045922994614
436,0.6240234971046448,0.18258407711982727,0.806607574224472
437,0.6241458058357239,0.1825372874736786,0.8066830933094025
438,0.6244115233421326,0.1825636774301529,0.8069752007722855
439,0.6245484948158264,0.18256400525569916,0.8071125000715256
440,0.6245965361595154,0.1824927181005478,0.8070892542600632
441,0.6245439052581787,0.18256163597106934,0.807105541229248
442,0.6245192289352417,0.18253527581691742,0.8070545047521591
443,0.6246088147163391,0.18251097202301025,0.8071197867393494
444,0.6247318983078003,0.18243643641471863,0.8071683347225189
445,0.6248538494110107,0.18238109350204468,0.8072349429130554
446,0.6249845623970032,0.18229851126670837,0.8072830736637115
447,0.6251104474067688,0.18244723975658417,0.807557687163353
448,0.6249518990516663,0.1824927181005478,0.807444617152214
449,0.6249093413352966,0.1824854463338852,0.8073947876691818
450,0.6248318552970886,0.18253114819526672,0.8073630034923553
451,0.6247310638427734,0.18258202075958252,0.807313084602356
452,0.6246407628059387,0.18255706131458282,0.8071978241205215
453,0.624702513217926,0.18253198266029358,0.8072344958782196
454,0.6246314644813538,0.18247359991073608,0.8071050643920898
455,0.6247375011444092,0.18242895603179932,0.8071664571762085
456,0.6248897910118103,0.18238073587417603,0.8072705268859863
457,0.6249306201934814,0.1823737770318985,0.8073043972253799
458,0.6249648928642273,0.18232610821723938,0.8072910010814667
459,0.6251567602157593,0.18235082924365997,0.8075075894594193
460,0.6249805092811584,0.1823769062757492,0.8073574155569077
461,0.6246962547302246,0.1823737472295761,0.8070700019598007
462,0.6245604157447815,0.18242786824703217,0.8069882839918137
463,0.6246851682662964,0.18241703510284424,0.8071022033691406
464,0.6248434782028198,0.1823774129152298,0.8072208911180496
465,0.624911904335022,0.182281032204628,0.80719293653965
466,0.6249071955680847,0.18230411410331726,0.807211309671402
467,0.624806821346283,0.18232324719429016,0.8071300685405731
468,0.6247901916503906,0.18231049180030823,0.8071006834506989
469,0.6248331069946289,0.18226934969425201,0.8071024566888809
470,0.6246339082717896,0.18222446739673615,0.8068583756685257
471,0.6247612237930298,0.1821489930152893,0.8069102168083191
472,0.6248088479042053,0.18218202888965607,0.8069908767938614
473,0.62468022108078,0.18215587735176086,0.8068360984325409
474,0.6245304942131042,0.18232613801956177,0.806856632232666
475,0.6243565082550049,0.18233369290828705,0.8066902011632919
476,0.6241553425788879,0.182423934340477,0.8065792769193649
477,0.624160885810852,0.18238969147205353,0.8065505772829056
478,0.6240941286087036,0.1823214739561081,0.8064156025648117
479,0.62392258644104,0.18229027092456818,0.8062128573656082
480,0.62376868724823,0.18228110671043396,0.8060497939586639
481,0.6234388947486877,0.18245741724967957,0.8058963119983673
482,0.6234135031700134,0.1825084239244461,0.8059219270944595
483,0.6231158375740051,0.18265342712402344,0.8057692646980286
484,0.6227878332138062,0.18278352916240692,0.8055713623762131
485,0.6225934624671936,0.18287985026836395,0.8054733127355576
486,0.6224095821380615,0.1828407645225525,0.805250346660614
487,0.6221483945846558,0.18293258547782898,0.8050809800624847
488,0.6219152808189392,0.1829637736082077,0.8048790544271469
489,0.6217150092124939,0.18294671177864075,0.8046617209911346
490,0.6216716766357422,0.18294662237167358,0.8046182990074158
491,0.6215724945068359,0.18298210203647614,0.8045545965433121
492,0.6214912533760071,0.1830705851316452,0.8045618385076523
493,0.621292233467102,0.18308091163635254,0.8043731451034546
494,0.6213379502296448,0.1830296367406845,0.8043675869703293
495,0.6215792298316956,0.1830170601606369,0.8045962899923325
496,0.6217592358589172,0.18297983705997467,0.8047390729188919
497,0.6219486594200134,0.18291455507278442,0.8048632144927979
498,0.622344970703125,0.18302038311958313,0.8053653538227081
499,0.6225692629814148,0.18300935626029968,0.8055786192417145
500,0.6224861741065979,0.18296188116073608,0.805448055267334
501,0.622597873210907,0.18286888301372528,0.8054667562246323
502,0.6226771473884583,0.18285851180553436,0.8055356591939926
503,0.6227086782455444,0.18285204470157623,0.8055607229471207
504,0.6227444410324097,0.18280677497386932,0.805551216006279
505,0.622757613658905,0.18273408710956573,0.8054917007684708
506,0.62275630235672,0.1827206313610077,0.8054769337177277
507,0.6225930452346802,0.18275825679302216,0.8053513020277023
508,0.6225491762161255,0.18268267810344696,0.8052318543195724
509,0.6224570274353027,0.18259868025779724,0.8050557076931
510,0.6224004030227661,0.1825680136680603,0.8049684166908264
511,0.6221460103988647,0.18258465826511383,0.8047306686639786
512,0.6219631433486938,0.18269486725330353,0.8046580106019974
513,0.6218723058700562,0.18268977105617523,0.8045620769262314
514,0.6219028234481812,0.18267257511615753,0.8045753985643387
515,0.6219649314880371,0.1827421933412552,0.8047071248292923
516,0.6219421029090881,0.1828562617301941,0.8047983646392822
517,0.6219947338104248,0.1829368770122528,0.8049316108226776
518,0.6219729781150818,0.18302159011363983,0.8049945682287216
519,0.6219347715377808,0.18302834033966064,0.8049631118774414
520,0.621930718421936,0.18293847143650055,0.8048691898584366
521,0.6219118237495422,0.1829569786787033,0.8048688024282455
522,0.6220341920852661,0.18291474878787994,0.8049489408731461
523,0.6220061779022217,0.18302686512470245,0.8050330430269241
524,0.6221842169761658,0.1830214112997055,0.8052056282758713
525,0.622229278087616,0.1829622983932495,0.8051915764808655
526,0.6222981810569763,0.1829911768436432,0.8052893579006195
527,0.6222211718559265,0.18301603198051453,0.805237203836441
528,0.6221039891242981,0.18299227952957153,0.8050962686538696
529,0.6219096779823303,0.18301622569561005,0.8049259036779404
530,0.6217670440673828,0.18295060098171234,0.8047176450490952
531,0.6217144727706909,0.18293194472789764,0.8046464174985886
532,0.6218270063400269,0.18284204602241516,0.804669052362442
533,0.6218290328979492,0.18279841542243958,0.8046274483203888
534,0.6218264698982239,0.182733416557312,0.8045598864555359
535,0.6218350529670715,0.1826987862586975,0.804533839225769
536,0.6219699382781982,0.18265652656555176,0.80462646484375
537,0.6218810677528381,0.1827126145362854,0.8045936822891235
538,0.6220704317092896,0.18269559741020203,0.8047660291194916
539,0.6219760179519653,0.18273738026618958,0.8047133982181549
540,0.6219621300697327,0.18263734877109528,0.8045994788408279
541,0.6218345761299133,0.18271054327487946,0.8045451194047928
542,0.6217443943023682,0.18272723257541656,0.8044716268777847
543,0.6219258308410645,0.18274039030075073,0.8046662211418152
544,0.6218306422233582,0.18279673159122467,0.8046273738145828
545,0.621833086013794,0.18280787765979767,0.8046409636735916
546,0.6219897270202637,0.1828310489654541,0.8048207759857178
547,0.6220096349716187,0.18276916444301605,0.8047787994146347
548,0.621920645236969,0.18284277617931366,0.8047634214162827
549,0.6219386458396912,0.18284237384796143,0.8047810196876526
550,0.6219912171363831,0.18281516432762146,0.8048063814640045
551,0.6219366192817688,0.182790607213974,0.8047272264957428
552,0.6219664812088013,0.18273863196372986,0.8047051131725311
553,0.6220266222953796,0.18272434175014496,0.8047509640455246
554,0.621992290019989,0.18273308873176575,0.8047253787517548
